NO,Polygon Points
1,"(3196.613, 347.222); (3194.088, 371.074); (3188.426, 374.960); (3180.645, 372.221); (3166.545, 365.531); (3146.440, 345.005); (3144.513, 334.217); (3145.047, 327.669); (3155.651, 320.051); (3171.484, 318.287); (3177.132, 321.278); (3179.501, 323.504); (3192.546, 340.970)"
2,"(2588.959, 1846.502); (2505.458, 1835.361); (2505.325, 1823.338); (2505.311, 1821.982); (2505.057, 1798.858); (2512.611, 1799.775); (2573.660, 1811.188); (2588.938, 1816.466)"
3,"(3132.984, 3638.741); (3100.710, 3635.738); (3085.911, 3585.762); (3080.640, 3560.967); (3080.775, 3554.339); (3095.452, 3552.199); (3376.721, 3549.033); (3419.254, 3550.110); (3441.556, 3561.778); (3484.906, 3613.540); (3485.104, 3614.114); (3485.599, 3631.102); (3440.486, 3635.595); (3305.374, 3637.123)"
4,"(3064.772, 3451.071); (3065.837, 3438.264); (3071.152, 3437.039); (3073.668, 3437.709); (3073.987, 3461.778); (3070.862, 3463.179)"
5,"(2935.439, 750.785); (2930.507, 766.024); (2905.617, 798.593); (2901.312, 804.095); (2896.781, 808.582); (2854.583, 821.163); (2844.018, 823.419); (2829.387, 817.509); (2824.723, 801.786); (2858.353, 755.149); (2861.073, 751.559); (2868.093, 743.928); (2889.756, 727.305); (2895.629, 724.264); (2902.430, 722.419); (2925.899, 731.910); (2931.393, 736.325); (2935.373, 748.860)"
6,"(674.500, 3063.465); (18.322, 3063.214); (17.744, 3010.863); (17.721, 3008.769); (17.274, 2968.235); (17.217, 2963.049); (12.780, 2559.900); (9.304, 2243.956); (12.562, 2240.385); (104.109, 2142.832); (165.794, 2077.932); (175.474, 2067.936); (180.477, 2063.725); (884.764, 2063.770); (983.974, 2064.941); (1001.790, 2078.343); (1008.000, 2168.717); (1008.473, 2571.282); (1007.626, 2963.328); (1001.976, 3022.525); (992.087, 3042.643); (967.794, 3060.765); (892.618, 3062.981)"
7,"(1897.417, 343.439); (1897.330, 317.154); (1897.336, 315.771); (1897.492, 313.962); (1898.117, 312.355); (1898.879, 311.074); (1902.289, 306.729); (1942.615, 309.933); (1942.356, 319.814); (1941.642, 328.162); (1934.044, 340.082); (1931.753, 342.821)"
8,"(1365.816, 758.503); (1291.747, 735.724); (1291.619, 724.124); (1291.341, 698.860); (1289.283, 511.802); (1296.551, 511.722); (1490.375, 509.588); (1542.287, 509.017); (1541.470, 516.563); (1534.375, 580.675); (1438.599, 686.273); (1383.806, 741.600)"
9,"(8.893, 730.200); (8.850, 726.243); (71.251, 655.850); (285.477, 431.478); (294.310, 422.530); (296.879, 422.501); (301.635, 422.448); (568.276, 419.513); (575.671, 424.498); (570.405, 433.741); (537.362, 470.790); (449.864, 565.888); (152.115, 883.352); (27.733, 1007.127); (12.026, 1015.021)"
10,"(1819.957, 1142.367); (1837.939, 1224.527); (1815.050, 1234.821); (1700.999, 1268.488); (1691.914, 1270.556); (1680.228, 1270.794); (1655.057, 1266.838); (1559.853, 1237.478); (1542.539, 1231.724); (1418.726, 1187.644); (1417.183, 1176.912); (1417.052, 1157.482); (1416.967, 1142.823); (1416.969, 1142.766); (1417.088, 1142.039); (1419.058, 1135.649); (1421.701, 1131.339); (1422.143, 1130.854); (1428.549, 1129.220); (1492.827, 1127.704); (1769.074, 1125.728); (1788.522, 1129.823); (1807.229, 1134.990); (1812.838, 1137.921)"
11,"(3969.643, 3638.749); (3729.303, 3629.815); (3723.826, 3623.560); (3722.030, 3621.163); (3720.683, 3587.530); (3722.352, 3581.350); (3725.971, 3572.727); (3729.356, 3568.142); (3843.735, 3568.794); (4046.040, 3578.287); (4053.138, 3579.816); (4055.436, 3592.869); (4058.088, 3617.069); (4057.912, 3628.950); (4057.677, 3635.170); (4037.490, 3636.291)"
12,"(2623.774, 631.091); (2569.083, 525.857); (2571.525, 517.810); (2583.852, 503.808); (2594.485, 500.858); (2663.955, 509.621); (2669.366, 513.189); (2672.719, 516.845); (2698.587, 556.409); (2700.186, 559.058); (2696.941, 590.226); (2691.081, 605.362)"
13,"(3554.646, 1512.815); (3215.270, 1526.720); (3211.270, 1526.012); (3210.459, 1524.522); (3210.166, 1522.992); (3209.225, 1517.310); (3209.153, 1514.150); (3215.932, 1403.670); (3216.329, 1400.844); (3217.919, 1395.230); (3220.525, 1388.563); (3243.142, 1336.488); (3244.680, 1333.931); (3247.814, 1330.455); (3692.626, 1372.149); (3709.379, 1373.758); (3714.728, 1377.847); (3715.222, 1385.008); (3717.230, 1417.523); (3711.657, 1423.931); (3648.991, 1488.437)"
14,"(3523.540, 567.232); (3469.249, 563.978); (3466.764, 560.307); (3466.108, 551.514); (3465.338, 520.231); (3490.646, 506.566); (3502.974, 502.626); (3534.956, 498.552); (3568.090, 504.242); (3572.820, 520.254); (3572.964, 526.709); (3572.677, 536.558); (3566.372, 566.687); (3562.391, 566.910)"
15,"(2511.526, 729.390); (2507.270, 843.135); (2448.685, 886.786); (2442.899, 886.548); (2403.804, 877.395); (2360.987, 864.346); (2357.292, 862.592); (2327.261, 828.462); (2316.111, 807.724); (2313.172, 777.846); (2330.195, 701.000); (2355.318, 689.973); (2413.643, 684.633); (2502.013, 719.479)"
16,"(3147.660, 1760.734); (3145.485, 1754.823); (3146.643, 1745.844); (3155.200, 1728.181); (3175.718, 1717.188); (3220.914, 1698.977); (3227.819, 1698.233); (3254.975, 1704.964); (3256.352, 1722.544); (3252.867, 1730.551); (3247.157, 1743.321); (3221.190, 1767.994); (3170.562, 1782.801); (3168.118, 1783.216); (3165.400, 1781.815)"
17,"(3437.632, 1587.480); (3433.272, 1559.125); (3438.117, 1549.180); (3445.912, 1549.199); (3450.735, 1553.598); (3453.965, 1580.971); (3454.436, 1587.680); (3454.332, 1590.445); (3438.687, 1590.990)"
18,"(1300.958, 264.553); (1306.658, 259.738); (1315.507, 260.257); (1328.447, 263.652); (1334.680, 269.175); (1338.772, 274.722); (1335.467, 284.418); (1327.410, 300.506); (1324.168, 306.312); (1319.819, 308.449); (1313.369, 310.982); (1305.764, 311.382); (1299.793, 311.333); (1293.389, 309.100); (1289.443, 303.317); (1288.553, 296.036); (1288.596, 290.419); (1291.536, 284.084)"
19,"(3592.991, 258.807); (3594.141, 245.820); (3614.078, 246.476); (3623.748, 249.343); (3625.373, 259.410); (3627.189, 272.146); (3626.185, 274.856); (3622.278, 278.659); (3616.091, 277.151); (3610.166, 274.955); (3602.117, 269.004); (3595.439, 262.525)"
20,"(2706.902, 3452.679); (2712.164, 3452.036); (2718.760, 3452.741); (2725.081, 3454.077); (2720.147, 3461.854); (2711.156, 3474.418); (2698.762, 3479.473); (2697.230, 3473.946); (2698.030, 3468.457)"
21,"(1930.516, 2115.353); (1929.418, 2056.416); (1955.496, 2047.378); (2160.672, 2037.395); (2701.756, 2025.792); (2730.320, 2027.141); (2741.150, 2031.304); (2741.512, 2083.453); (2740.682, 2125.459); (2740.236, 2126.516); (2739.526, 2127.318); (2737.464, 2129.026); (2733.734, 2131.608); (2532.493, 2143.761); (2491.807, 2145.539); (1934.595, 2166.650); (1933.916, 2166.272)"
22,"(146.238, 260.579); (137.710, 277.479); (109.789, 279.246); (107.543, 278.037); (105.525, 273.885); (104.725, 267.395); (105.527, 261.175); (106.770, 255.749); (114.115, 242.642); (116.203, 239.959); (123.977, 241.195); (129.608, 244.897)"
23,"(1738.409, 1804.557); (1736.708, 1811.932); (1519.955, 2027.852); (1505.776, 2038.598); (1499.491, 2034.092); (1491.369, 2026.585); (1485.814, 2019.607); (1329.463, 1814.358); (1133.504, 1549.140); (1071.798, 1464.303); (1058.508, 1445.996); (1046.984, 1428.374); (1040.550, 1417.108); (1032.502, 1382.691); (1059.866, 1350.534); (1243.907, 1149.464); (1251.843, 1150.693); (1263.428, 1165.416); (1289.624, 1199.574); (1311.820, 1228.700); (1494.319, 1471.486); (1677.101, 1716.418); (1720.648, 1778.524); (1730.009, 1791.916)"
24,"(3291.715, 753.541); (3267.032, 759.446); (3265.019, 759.226); (3264.292, 758.598); (3263.963, 758.224); (3259.108, 749.884); (3210.013, 657.509); (3209.347, 652.790); (3217.440, 651.133); (3228.478, 648.977); (3332.302, 644.050); (3342.254, 670.129); (3351.338, 704.061); (3348.696, 711.805)"
25,"(3247.913, 2682.999); (3369.704, 2778.914); (3367.312, 2783.884); (3364.946, 2787.380); (3357.852, 2792.386); (3348.600, 2796.312); (3316.921, 2806.542); (3308.229, 2807.209); (3299.196, 2805.328); (3289.541, 2802.845); (3228.336, 2768.270); (3223.234, 2757.186); (3209.438, 2717.232); (3209.254, 2700.429); (3231.182, 2681.977); (3238.127, 2679.318)"
26,"(2021.322, 3573.240); (1903.112, 3574.747); (1411.050, 3575.135); (1248.396, 3574.055); (1240.853, 3573.871); (1235.235, 3566.363); (1035.656, 2932.460); (1034.190, 2799.326); (1034.066, 2788.011); (1032.650, 2659.333); (1119.804, 2577.751); (1122.674, 2576.346); (1757.952, 3065.215); (1856.297, 3183.181); (1866.275, 3198.955); (1898.408, 3252.724); (1984.341, 3412.490); (1993.994, 3431.087); (2004.125, 3453.849)"
27,"(3902.724, 1460.025); (3841.604, 1462.567); (3807.371, 1457.300); (3796.096, 1454.694); (3791.325, 1449.903); (3785.336, 1417.603); (3784.771, 1407.716); (3788.055, 1406.552); (3851.723, 1402.469); (3882.044, 1406.049); (3889.969, 1407.505); (3913.813, 1414.886); (3906.390, 1452.881); (3905.757, 1455.659); (3905.103, 1457.125)"
28,"(3673.161, 1329.631); (3673.924, 1332.863); (3666.066, 1339.292); (3629.904, 1365.399); (3625.045, 1367.492); (3626.056, 1345.429); (3631.128, 1341.039); (3663.347, 1331.829)"
29,"(3093.696, 3108.161); (3105.794, 3094.545); (3362.646, 3091.751); (3716.122, 3097.850); (3751.073, 3102.428); (3756.194, 3103.768); (3765.690, 3116.711); (3763.702, 3150.443); (3759.716, 3190.005); (3748.726, 3191.000); (3741.004, 3191.146); (3162.273, 3184.495); (3102.694, 3183.645); (3081.836, 3182.934); (3081.420, 3178.875); (3088.051, 3132.962); (3088.848, 3129.047)"
30,"(3433.197, 339.690); (3435.851, 320.638); (3443.115, 298.889); (3463.884, 301.166); (3470.140, 302.814); (3467.965, 322.723); (3466.194, 328.257); (3463.346, 334.553); (3460.571, 338.057); (3458.341, 340.197); (3445.023, 342.836); (3436.777, 343.136)"
31,"(189.808, 2033.181); (156.968, 2038.732); (138.516, 2035.094); (137.236, 2019.331); (140.702, 2015.447); (149.187, 2009.866); (172.607, 1997.934); (224.170, 1989.906); (204.263, 2017.161)"
32,"(2104.737, 3472.408); (2092.308, 3478.503); (2061.894, 3475.096); (2056.808, 3474.018); (2058.798, 3470.446); (2063.336, 3463.510); (2068.508, 3461.083); (2086.753, 3459.711); (2094.677, 3459.508); (2097.271, 3460.126); (2101.646, 3467.174)"
33,"(552.808, 910.961); (561.072, 917.342); (556.053, 918.914)"
34,"(3336.597, 1582.345); (3347.908, 1576.927); (3350.146, 1577.794); (3350.230, 1580.819); (3346.136, 1586.067); (3342.234, 1590.809); (3338.140, 1585.353)"
35,"(2409.019, 197.991); (2430.518, 188.144); (2432.260, 196.722); (2432.234, 200.250); (2430.155, 215.384); (2422.617, 214.439); (2418.062, 212.036)"
36,"(2466.661, 2268.167); (2475.740, 2270.567); (2468.495, 2276.956); (2459.146, 2278.546); (2457.400, 2275.624); (2457.601, 2271.759); (2461.340, 2269.017)"
37,"(789.425, 1682.492); (805.165, 1698.536); (804.658, 1704.914); (800.570, 1708.287); (780.411, 1718.879); (780.363, 1718.897); (750.946, 1681.523); (746.151, 1673.559); (745.193, 1671.852); (746.565, 1671.604); (762.301, 1672.445); (772.024, 1675.309)"
38,"(2744.730, 495.056); (2698.330, 502.632); (2696.856, 501.888); (2696.642, 482.547); (2697.604, 478.242); (2705.729, 449.033); (2707.258, 443.935); (2708.230, 441.414); (2715.989, 429.907); (2725.655, 416.628); (2732.051, 412.307); (2762.311, 415.507); (2767.047, 416.911); (2772.711, 423.778); (2775.154, 434.108); (2773.033, 440.535)"
39,"(2794.486, 466.083); (2793.488, 458.223); (2795.286, 438.361); (2800.795, 424.792); (2806.401, 426.128); (2815.903, 430.165); (2826.586, 467.122); (2827.060, 471.125); (2814.312, 470.238); (2804.114, 468.762)"
40,"(2293.927, 3749.117); (2265.562, 3789.504); (2248.962, 3798.788); (2248.892, 3792.466); (2248.880, 3791.298); (2250.744, 3788.358); (2276.340, 3760.055); (2284.651, 3751.932); (2292.692, 3744.121)"
41,"(3950.153, 3430.606); (3944.665, 3429.292); (3951.711, 3420.544); (3956.696, 3417.982); (3963.279, 3417.066); (3969.212, 3416.926); (3957.895, 3428.927)"
42,"(1016.944, 2098.056); (1025.182, 2088.308); (1029.766, 2089.176); (1034.933, 2092.179); (1035.105, 2098.484); (1027.345, 2103.390); (1022.872, 2101.861)"
43,"(3272.572, 3350.534); (3257.675, 3349.655); (3252.486, 3346.466); (3245.296, 3340.595); (3240.603, 3335.241); (3246.775, 3330.618); (3273.965, 3337.824); (3284.850, 3341.372); (3281.335, 3348.365)"
44,"(2728.767, 2573.772); (2737.397, 2564.534); (2740.508, 2564.186); (2747.367, 2566.666); (2756.232, 2570.687); (2763.849, 2576.192); (2761.508, 2579.723); (2753.495, 2582.550); (2734.532, 2578.159)"
45,"(25.765, 3729.689); (8.591, 3725.112); (12.533, 3718.789); (17.793, 3715.936); (21.466, 3714.418); (56.016, 3716.760); (87.132, 3720.020); (113.070, 3722.878); (117.802, 3723.464); (116.240, 3728.820); (95.846, 3733.406); (68.471, 3735.200); (28.084, 3730.068)"
46,"(1017.074, 3418.847); (1024.766, 3405.158); (1031.932, 3404.971); (1032.223, 3411.042); (1030.464, 3421.197); (1024.449, 3430.556); (1018.654, 3425.076)"
47,"(27.607, 1201.499); (16.357, 1207.442); (10.731, 1195.783); (9.247, 1179.250); (12.504, 1180.549); (20.660, 1184.346); (23.480, 1186.998); (24.393, 1188.026)"
48,"(3929.404, 1428.497); (3933.476, 1419.040); (3938.779, 1423.920); (3937.181, 1428.784); (3933.054, 1431.258)"
49,"(2807.387, 215.127); (2800.157, 214.736); (2794.347, 206.061); (2793.333, 199.526); (2794.668, 192.830); (2797.844, 189.151); (2799.317, 188.448); (2813.342, 192.233); (2813.657, 203.757); (2812.939, 212.246); (2810.637, 213.757)"
50,"(1800.749, 3904.328); (1820.962, 3905.809); (1814.601, 3911.105)"
51,"(3173.180, 3538.650); (3170.165, 3542.548); (3160.757, 3541.334); (3150.824, 3538.470); (3144.820, 3535.924); (3156.770, 3530.564); (3162.116, 3529.009); (3167.576, 3532.911); (3170.526, 3535.550)"
52,"(361.941, 1702.358); (328.725, 1650.845); (333.309, 1643.775); (342.826, 1638.011); (349.811, 1635.784); (358.437, 1638.222); (365.699, 1641.019); (415.942, 1662.254); (431.837, 1683.202); (437.850, 1692.270); (437.755, 1694.798); (404.410, 1716.907); (385.913, 1719.325)"
53,"(62.721, 3965.709); (66.293, 3975.357); (28.122, 3969.554); (8.885, 3962.365); (17.913, 3960.130); (30.268, 3959.885); (51.577, 3962.678)"
54,"(2196.906, 3307.089); (2206.306, 3313.205); (2197.079, 3318.519); (2188.352, 3317.570); (2184.708, 3314.727); (2189.392, 3311.106)"
55,"(3638.543, 4087.144); (3625.268, 4082.132); (3639.655, 4082.670); (3646.582, 4082.956)"
56,"(2600.552, 1795.586); (2604.865, 1790.684); (2612.333, 1794.358); (2603.995, 1799.455)"
57,"(3848.581, 203.898); (3850.478, 195.013); (3857.165, 192.875); (3865.088, 193.340); (3875.456, 205.033); (3870.280, 214.200); (3866.895, 215.189); (3850.161, 208.841)"
58,"(4009.265, 3796.015); (4017.257, 3788.407); (4023.616, 3792.860); (4017.345, 3798.816)"
59,"(4034.153, 3008.309); (4035.581, 3019.692); (4034.218, 3026.426); (4031.812, 3030.684); (4028.925, 3029.521); (4025.125, 3011.990); (4029.129, 3008.706)"
60,"(3119.104, 3986.462); (3083.614, 4022.568); (3081.045, 4017.271); (3080.621, 4007.862); (3082.902, 3998.293); (3088.090, 3987.876); (3094.514, 3976.649); (3099.287, 3974.713); (3106.160, 3977.062); (3114.012, 3980.602); (3117.948, 3983.126)"
61,"(2238.852, 700.010); (2240.992, 708.771); (2239.319, 724.044); (2232.212, 727.368); (2222.806, 711.183); (2216.919, 698.484); (2220.377, 696.994)"
62,"(3178.414, 961.722); (3297.558, 1037.451); (3303.487, 1055.635); (3311.556, 1103.153); (3312.328, 1182.742); (3274.515, 1229.414); (3264.589, 1233.509); (3019.736, 1267.411); (2898.399, 1271.455); (2866.339, 1265.250); (2849.909, 1262.024); (2824.807, 1224.258); (2869.973, 1117.171); (3162.078, 962.877)"
63,"(3183.676, 2706.611); (3179.496, 2711.183); (3163.716, 2709.652); (3161.163, 2701.805); (3160.682, 2698.592); (3169.569, 2698.919)"
64,"(3841.593, 438.731); (3830.633, 436.214); (3790.137, 404.216); (3786.383, 400.970); (3785.303, 395.640); (3812.372, 369.876); (3816.087, 367.518); (3820.125, 368.573); (3858.396, 396.002); (3851.208, 424.428); (3846.925, 433.772)"
65,"(2933.263, 695.211); (2917.803, 692.875); (2902.797, 672.237); (2888.737, 638.341); (2888.844, 630.909); (2892.053, 582.397); (2893.029, 577.230); (2919.102, 568.285); (2958.554, 555.908); (2969.692, 578.117); (2973.590, 595.587); (2973.992, 605.211); (2962.313, 685.426); (2957.312, 688.796); (2947.293, 692.893); (2939.777, 694.827)"
66,"(3694.952, 919.452); (3691.400, 918.064); (3689.521, 911.249); (3688.618, 905.641); (3688.941, 895.961); (3688.964, 895.784); (3690.054, 891.113); (3692.056, 886.175); (3694.009, 883.559); (3695.382, 881.941); (3698.189, 881.923); (3705.834, 888.619); (3709.859, 892.400); (3703.644, 911.947); (3700.601, 915.209)"
67,"(2621.275, 1554.459); (2944.869, 1465.253); (2948.354, 1464.465); (3035.061, 1451.451); (3045.201, 1451.935); (3091.792, 1456.407); (3102.149, 1459.551); (3103.561, 1460.258); (3105.850, 1461.554); (3110.354, 1464.167); (3115.263, 1467.941); (3115.433, 1468.078); (3179.388, 1523.581); (3168.613, 1530.327); (3054.235, 1559.819); (2716.970, 1630.835); (2594.012, 1655.074); (2578.030, 1653.738); (2570.443, 1652.765); (2568.877, 1640.906); (2568.906, 1626.926); (2570.100, 1617.024); (2616.758, 1558.139)"
68,"(95.047, 2071.181); (91.653, 2069.292); (87.015, 2056.415); (72.619, 2014.895); (76.914, 2013.366); (80.508, 2013.588); (91.363, 2016.804); (101.563, 2034.000); (106.333, 2046.257); (104.969, 2062.488); (99.987, 2068.557)"
69,"(1977.362, 1803.815); (1997.143, 1808.179); (1992.440, 1849.501); (1962.875, 1867.074); (1786.602, 1909.143); (1772.471, 1911.462); (1761.703, 1909.637); (1749.313, 1906.319); (1737.201, 1889.187); (1737.526, 1884.289); (1745.939, 1835.724); (1749.947, 1830.749); (1781.335, 1808.270); (1837.824, 1801.583); (1864.504, 1801.049)"
70,"(4036.311, 1014.950); (4024.737, 1074.413); (4012.441, 1102.185); (3899.933, 1130.605); (3750.361, 1142.863); (3737.489, 1141.734); (3730.405, 1139.586); (3727.699, 1135.231); (3727.385, 1131.825); (3720.967, 1010.718); (3722.614, 999.022); (3727.256, 994.852); (3752.790, 976.183); (3761.710, 970.218); (3787.281, 955.135); (3791.436, 954.096); (3812.441, 955.885); (4020.821, 980.354); (4025.106, 984.229); (4031.108, 992.198); (4034.769, 1001.088)"
71,"(3984.864, 3575.353); (3977.043, 3561.636); (3984.066, 3556.359); (3990.462, 3552.168); (4010.881, 3550.069); (4019.535, 3556.010); (4008.194, 3570.840); (3995.691, 3574.495)"
72,"(2507.143, 2529.803); (2504.810, 2514.764); (2513.879, 2515.160); (2517.336, 2516.432); (2518.848, 2522.812); (2519.415, 2531.410); (2512.967, 2535.075); (2508.159, 2535.203)"
73,"(712.855, 1885.702); (723.137, 1830.659); (731.128, 1827.614); (753.152, 1825.731); (765.284, 1830.697); (765.583, 1859.165); (762.643, 1889.748); (737.671, 1911.305); (713.002, 1890.159)"
74,"(2978.616, 1735.376); (2971.890, 1750.502); (2958.777, 1750.912); (2955.104, 1745.471); (2952.610, 1739.883); (2964.772, 1733.008); (2973.887, 1731.209)"
75,"(746.734, 222.949); (744.228, 235.757); (741.392, 239.112); (737.302, 243.418); (734.214, 244.898); (727.387, 246.933); (717.463, 231.471); (713.435, 225.124); (727.109, 219.730); (734.987, 217.733); (742.298, 218.656)"
76,"(9.091, 2192.727); (11.311, 2183.356); (30.027, 2187.810); (29.265, 2192.844); (25.032, 2195.523); (18.052, 2198.574); (12.483, 2197.334)"
77,"(3912.901, 1686.334); (3924.922, 1644.220); (3955.277, 1632.749); (3960.760, 1635.180); (3996.180, 1656.634); (4013.523, 1685.879); (4014.138, 1691.285); (4017.739, 1757.628); (3992.121, 1776.297); (3974.550, 1783.444); (3968.895, 1779.214); (3938.438, 1748.444); (3933.892, 1742.820); (3914.898, 1708.173)"
78,"(3657.600, 1927.447); (3654.743, 1940.913); (3642.180, 1942.594); (3630.611, 1941.597); (3625.163, 1932.476); (3630.610, 1928.867); (3638.034, 1924.892); (3650.344, 1923.341)"
79,"(2408.585, 519.139); (2415.476, 515.645); (2423.252, 526.839); (2426.922, 535.076); (2422.557, 534.345); (2411.154, 526.307)"
80,"(2063.753, 720.396); (2056.778, 601.090); (2058.100, 597.149); (2123.785, 593.197); (2133.128, 592.745); (2151.363, 599.291); (2206.778, 626.648); (2209.626, 634.535); (2209.190, 639.059); (2193.531, 688.086); (2166.596, 726.830); (2119.469, 759.023); (2077.759, 744.141); (2075.753, 741.292)"
81,"(720.498, 1467.553); (726.090, 1472.799); (723.194, 1477.447); (717.577, 1479.139); (712.644, 1475.679); (716.826, 1471.090)"
82,"(1154.082, 2055.442); (1144.579, 2049.978); (1148.791, 2045.730); (1154.176, 2046.992); (1157.704, 2050.809)"
83,"(200.292, 3998.131); (200.649, 3992.429); (208.345, 3992.551); (203.744, 3999.267)"
84,"(481.267, 687.888); (447.604, 758.808); (444.533, 758.752); (429.285, 757.015); (421.237, 754.076); (392.616, 730.941); (392.785, 727.699); (394.993, 702.783); (405.423, 670.983); (407.410, 668.695); (438.844, 638.805); (440.270, 637.813); (444.665, 636.300); (450.545, 635.772); (457.672, 643.689); (464.691, 651.782); (469.668, 657.760); (477.705, 670.500); (480.538, 683.752)"
85,"(1363.679, 2854.178); (1352.612, 2801.889); (1355.258, 2798.356); (1357.216, 2795.954); (1362.793, 2794.216); (1379.163, 2790.106); (1386.258, 2788.373); (1392.570, 2787.103); (1396.294, 2792.215); (1402.643, 2806.116); (1402.072, 2823.200); (1401.049, 2832.631); (1384.240, 2870.942); (1380.551, 2868.822); (1367.723, 2857.703)"
86,"(3688.567, 734.048); (3697.739, 717.373); (3716.729, 716.241); (3723.090, 716.021); (3730.663, 719.148); (3742.318, 725.400); (3737.820, 744.115); (3733.458, 752.797); (3730.733, 756.664); (3730.490, 756.725); (3721.014, 758.997); (3717.953, 757.381); (3691.118, 741.717)"
87,"(969.340, 939.979); (969.660, 926.856); (970.413, 909.754); (1033.161, 860.266); (1043.484, 860.245); (1054.581, 871.716); (1054.943, 872.327); (1055.672, 888.537); (1055.973, 898.184); (1055.981, 903.754); (1055.922, 919.029); (1050.220, 924.337); (992.591, 951.220); (983.255, 949.555)"
88,"(3696.075, 821.007); (3689.430, 804.918); (3693.438, 792.485); (3698.601, 778.274); (3710.212, 776.004); (3711.978, 779.809); (3713.922, 789.313); (3712.712, 815.802); (3705.937, 820.584); (3697.749, 822.524)"
89,"(2152.989, 461.771); (2162.692, 461.298); (2172.513, 466.945); (2190.752, 479.450); (2182.415, 515.600); (2172.806, 540.037); (2160.110, 567.171); (2153.107, 567.019); (2121.027, 565.260); (2122.303, 553.967); (2123.333, 546.184); (2139.790, 496.259)"
90,"(2312.660, 1814.210); (2338.749, 1795.586); (2341.863, 1798.136); (2361.969, 1815.828); (2359.372, 1838.541); (2355.084, 1846.516); (2347.652, 1845.525); (2339.820, 1843.472); (2333.543, 1838.089)"
91,"(3977.013, 746.024); (4017.343, 735.699); (4021.007, 734.913); (4027.155, 734.992); (4033.834, 738.824); (4037.273, 743.191); (4051.697, 775.831); (4052.488, 781.165); (4053.869, 791.417); (4053.729, 803.486); (4052.488, 816.079); (4048.081, 822.585); (4017.331, 796.437); (4015.841, 795.129); (3983.193, 757.386); (3982.362, 756.303); (3980.799, 754.218); (3980.301, 753.278)"
92,"(1545.448, 418.934); (1559.898, 412.492); (1573.885, 416.691); (1582.741, 419.853); (1639.819, 455.129); (1643.114, 470.646); (1643.102, 473.893); (1636.192, 484.039); (1631.540, 486.192); (1586.816, 502.596); (1580.701, 501.323); (1571.892, 497.037); (1545.309, 452.445); (1544.648, 443.714); (1544.875, 425.986)"
93,"(4051.333, 412.829); (4052.841, 420.729); (4033.348, 437.383); (4030.350, 439.316); (4020.553, 436.416); (4014.711, 433.876); (4010.199, 430.794); (4009.021, 423.514); (4008.677, 408.485); (4009.875, 396.763); (4013.510, 393.860); (4020.993, 389.805); (4039.371, 389.596)"
94,"(651.387, 932.540); (648.618, 948.161); (643.874, 951.480); (640.553, 950.172); (622.625, 939.401); (619.351, 936.937); (616.985, 931.998); (616.501, 917.978); (618.297, 911.185); (621.614, 905.659); (625.112, 903.302); (637.557, 897.123); (638.283, 896.929); (642.079, 898.225); (644.046, 898.981); (649.516, 904.635); (651.157, 922.042)"
95,"(393.404, 1768.734); (428.391, 1721.675); (447.478, 1732.631); (452.120, 1735.964); (455.271, 1742.067); (458.117, 1756.182); (458.631, 1758.759); (454.552, 1764.701); (440.060, 1782.890); (403.166, 1782.132); (394.290, 1772.949)"
96,"(1765.602, 296.522); (1781.943, 305.615); (1781.009, 330.855); (1780.695, 335.753); (1780.400, 339.984); (1780.287, 341.429); (1778.118, 341.739); (1771.014, 342.716); (1766.766, 342.871); (1762.294, 342.516); (1745.484, 340.287); (1742.223, 332.044); (1736.738, 314.418); (1740.338, 304.719)"
97,"(1033.356, 2435.046); (1034.122, 2427.677); (1044.583, 2423.773); (1052.962, 2427.708); (1066.909, 2438.929); (1071.954, 2447.406); (1070.007, 2454.704); (1059.035, 2452.205); (1052.241, 2450.247); (1046.395, 2445.977); (1040.511, 2441.654)"
98,"(3178.949, 1387.773); (3185.503, 1397.996); (3187.550, 1404.578); (3192.196, 1422.083); (3194.516, 1436.221); (3181.740, 1462.791); (3153.468, 1460.546); (3148.094, 1449.271); (3145.078, 1406.930); (3146.778, 1404.032); (3154.628, 1397.737); (3161.210, 1393.383); (3166.655, 1390.763)"
99,"(1032.828, 2594.256); (1036.722, 2549.868); (1040.149, 2547.973); (1054.194, 2550.870); (1063.880, 2555.935); (1074.129, 2562.029); (1080.956, 2567.596); (1079.638, 2580.386); (1077.484, 2584.346); (1065.029, 2598.885); (1046.539, 2614.613); (1037.434, 2602.775); (1036.708, 2601.812); (1034.636, 2598.202); (1033.400, 2595.850)"
100,"(585.137, 395.363); (587.310, 393.547); (603.122, 386.274); (621.628, 392.351); (631.047, 411.629); (634.638, 419.343); (638.236, 428.653); (639.055, 436.028); (635.332, 438.643); (614.238, 439.133); (604.459, 438.274); (600.401, 430.390)"
101,"(904.544, 360.684); (906.855, 306.297); (915.171, 302.231); (926.295, 303.798); (934.304, 305.742); (940.704, 309.547); (973.522, 337.623); (969.627, 355.568); (968.569, 360.169); (968.011, 361.740); (962.827, 371.504); (960.492, 375.039); (933.624, 371.489)"
102,"(758.006, 1462.623); (748.632, 1461.232); (746.283, 1456.929); (744.674, 1451.007); (745.987, 1445.634); (748.715, 1440.072); (757.863, 1436.257); (766.109, 1435.045); (769.198, 1435.132); (781.907, 1444.875); (779.003, 1454.387); (772.913, 1457.668)"
103,"(4068.153, 3829.114); (4052.473, 3830.587); (4046.003, 3822.597); (4040.579, 3795.507); (4049.220, 3770.770); (4066.320, 3742.752); (4066.708, 3742.760); (4066.892, 3747.316); (4066.987, 3751.289)"
104,"(1956.342, 246.583); (1954.852, 263.060); (1933.977, 279.031); (1933.316, 275.457); (1928.917, 245.822); (1931.585, 245.346)"
105,"(2538.278, 809.649); (2537.419, 802.185); (2539.811, 794.114); (2542.452, 789.659); (2563.581, 778.278); (2569.527, 776.434); (2576.145, 778.010); (2582.149, 783.549); (2588.389, 793.551); (2591.236, 798.434); (2590.965, 802.586); (2590.032, 809.395); (2562.513, 823.218); (2551.555, 817.778)"
106,"(3372.428, 240.946); (3368.701, 234.863); (3371.141, 229.168); (3378.141, 224.205); (3392.837, 221.621); (3401.757, 222.836); (3397.604, 241.121); (3394.252, 247.365); (3390.377, 246.807)"
107,"(3084.904, 1718.351); (3091.153, 1717.539); (3118.679, 1728.548); (3121.348, 1730.280); (3123.536, 1733.927); (3113.471, 1770.646); (3096.390, 1782.906); (3090.661, 1778.478); (3081.143, 1760.540); (3084.383, 1723.052)"
108,"(258.563, 214.506); (264.809, 232.757); (257.328, 240.577); (240.028, 247.335); (235.530, 246.242); (235.359, 245.189); (232.602, 217.085); (232.577, 212.384); (236.517, 212.224); (251.289, 212.509); (255.555, 212.847)"
109,"(4044.022, 1494.789); (4040.764, 1536.280); (4031.062, 1583.932); (4028.763, 1590.678); (4009.575, 1573.843); (3988.289, 1523.037); (3987.624, 1521.183); (3980.217, 1475.274); (3979.548, 1468.628); (3977.347, 1444.823); (3980.080, 1443.095); (4015.897, 1443.199); (4031.000, 1446.926); (4036.633, 1452.021)"
110,"(2802.356, 1382.704); (2793.258, 1379.773); (2796.926, 1370.958); (2801.470, 1373.114)"
111,"(3906.757, 1601.497); (3907.073, 1648.403); (3891.617, 1654.688); (3880.924, 1641.677); (3884.089, 1622.942); (3885.386, 1616.400); (3885.533, 1615.827); (3890.618, 1597.518); (3901.141, 1599.949)"
112,"(2676.464, 1464.145); (2690.216, 1459.888); (2715.892, 1465.314); (2718.943, 1478.927); (2718.170, 1487.050); (2661.646, 1519.449); (2646.017, 1526.976); (2636.298, 1525.485); (2633.364, 1511.669); (2665.097, 1475.536)"
113,"(1896.373, 878.790); (1888.275, 887.328); (1868.381, 871.360); (1865.331, 862.580); (1879.548, 858.544); (1890.709, 862.002); (1895.006, 867.038); (1896.242, 872.415)"
114,"(1257.480, 2545.939); (1256.722, 2528.991); (1257.077, 2523.438); (1283.502, 2511.455); (1287.234, 2518.867); (1289.195, 2525.271); (1286.468, 2532.148); (1276.018, 2550.299); (1259.322, 2550.803)"
115,"(3700.494, 513.453); (3704.874, 518.711); (3735.651, 583.006); (3737.715, 587.386); (3733.528, 602.639); (3727.996, 608.736); (3686.385, 631.021); (3679.718, 627.156); (3674.733, 622.981); (3657.076, 581.936); (3657.147, 577.910); (3661.794, 529.125); (3673.503, 520.554); (3685.197, 515.740)"
116,"(3784.790, 277.432); (3790.090, 272.895); (3808.218, 269.429); (3814.023, 269.441); (3817.819, 269.999); (3823.582, 303.033); (3822.229, 307.975); (3810.410, 311.188); (3809.520, 310.740); (3793.771, 299.411); (3792.836, 298.672); (3792.169, 297.805); (3791.824, 297.182); (3791.544, 296.415)"
117,"(2664.764, 425.006); (2665.718, 403.388); (2685.846, 394.346); (2686.651, 396.166); (2693.317, 414.872); (2693.223, 417.514); (2689.870, 431.642); (2687.577, 438.627); (2684.255, 438.637); (2679.270, 437.066); (2666.773, 430.656)"
118,"(4047.616, 2614.643); (4041.324, 2587.588); (4059.801, 2571.532); (4080.725, 2561.585); (4081.157, 2561.802); (4080.800, 2573.761); (4079.942, 2599.108); (4079.792, 2602.734)"
119,"(1944.715, 2184.487); (1953.994, 2183.093); (1958.933, 2188.883); (1957.607, 2198.081); (1952.649, 2199.176); (1950.593, 2198.433); (1948.920, 2194.657)"
120,"(1609.884, 334.834); (1614.906, 349.635); (1610.783, 366.889); (1607.906, 368.899); (1596.041, 374.509); (1558.294, 373.455); (1550.939, 373.018); (1545.105, 367.501); (1550.083, 337.410); (1552.126, 332.246); (1563.303, 322.270); (1574.590, 317.650); (1582.945, 314.921); (1588.657, 313.673)"
121,"(2446.223, 375.299); (2449.138, 425.063); (2444.571, 430.674); (2441.089, 434.586); (2436.432, 437.032); (2431.104, 438.588); (2427.043, 436.684); (2381.647, 415.021); (2376.690, 406.177); (2384.052, 371.931); (2386.807, 359.856); (2393.621, 358.066); (2403.327, 358.328); (2416.089, 360.792); (2420.255, 361.913); (2422.286, 362.754)"
122,"(3609.014, 1936.162); (3607.574, 1943.256); (3598.451, 1943.196); (3593.174, 1941.073); (3598.559, 1929.253); (3606.282, 1927.837); (3608.397, 1930.656)"
123,"(3660.232, 213.598); (3675.228, 214.136); (3679.125, 218.318); (3680.853, 223.427); (3681.561, 230.699); (3660.583, 247.495); (3659.712, 247.230); (3656.700, 244.700); (3656.909, 237.786); (3658.757, 221.033)"
124,"(1289.894, 3434.654); (1288.600, 3429.084); (1290.998, 3424.447); (1352.338, 3309.225); (1359.792, 3303.222); (1364.074, 3300.956); (1367.206, 3300.026); (1377.207, 3315.979); (1378.615, 3320.157); (1384.206, 3345.223); (1379.316, 3398.289); (1376.873, 3410.326); (1373.216, 3422.561); (1348.286, 3442.605); (1341.777, 3446.446); (1337.295, 3446.920); (1328.074, 3444.876)"
125,"(3191.508, 215.272); (3176.631, 203.684); (3177.592, 196.219); (3182.345, 189.895); (3189.876, 189.413); (3194.547, 190.289); (3199.773, 191.958); (3200.571, 197.679); (3198.864, 207.661); (3196.401, 212.554)"
126,"(777.832, 870.476); (789.968, 964.386); (771.787, 1000.806); (736.193, 1008.664); (712.213, 1012.415); (685.637, 1015.173); (675.399, 1009.041); (674.243, 1006.525); (648.748, 841.856); (654.394, 836.262); (666.039, 832.648); (687.913, 825.887); (693.976, 826.257); (704.179, 828.814); (741.358, 842.284)"
127,"(568.104, 886.549); (506.788, 884.215); (502.977, 881.743); (495.151, 873.288); (462.496, 837.142); (456.685, 827.391); (457.612, 819.707); (460.776, 812.419); (500.861, 786.541); (518.793, 782.560); (533.689, 784.278); (543.434, 786.282); (588.370, 809.097); (593.527, 812.119); (596.864, 820.024); (574.876, 884.060)"
128,"(3688.552, 1927.708); (3708.001, 1923.741); (3721.642, 1932.803); (3717.211, 1938.564); (3708.627, 1942.374); (3706.245, 1943.370); (3698.865, 1941.697); (3692.051, 1937.889)"
129,"(3558.029, 1736.368); (3571.030, 1733.823); (3592.459, 1739.704); (3597.031, 1755.923); (3587.891, 1771.331); (3583.708, 1775.270); (3541.286, 1782.485); (3536.935, 1782.902); (3528.736, 1779.880); (3530.643, 1775.805); (3537.284, 1762.503)"
130,"(136.899, 1838.530); (140.878, 1805.058); (157.349, 1782.231); (169.647, 1769.513); (174.745, 1768.455); (197.803, 1768.951); (200.095, 1769.571); (201.548, 1775.386); (188.780, 1811.080); (180.281, 1824.548); (153.081, 1846.621); (152.164, 1847.206)"
131,"(1208.216, 3158.934); (1199.362, 3158.684); (1194.633, 3148.939); (1192.692, 3135.842); (1193.468, 3128.679); (1201.114, 3116.835); (1208.651, 3121.417); (1211.307, 3128.391); (1212.952, 3136.922); (1212.628, 3146.079)"
132,"(1745.535, 2039.666); (1781.457, 2061.702); (1789.714, 2080.990); (1791.078, 2094.508); (1788.764, 2097.858); (1785.641, 2100.756); (1780.894, 2102.867); (1775.820, 2099.075); (1738.515, 2065.819); (1737.181, 2060.117); (1739.941, 2049.913); (1741.528, 2045.280)"
133,"(1337.409, 1859.200); (1339.645, 1866.235); (1338.766, 1873.226); (1333.547, 1879.079); (1326.644, 1877.760); (1323.706, 1874.216); (1321.647, 1871.073); (1321.265, 1866.810); (1321.281, 1858.782); (1322.434, 1853.511); (1325.060, 1848.651); (1327.886, 1846.590); (1331.060, 1850.418)"
134,"(1160.005, 3636.043); (1158.237, 3638.989); (1147.540, 3636.588); (1144.594, 3631.871); (1150.904, 3631.132)"
135,"(232.865, 2884.857); (240.557, 2857.188); (245.194, 2853.540); (248.756, 2852.632); (251.955, 2857.992); (252.135, 2858.354); (254.831, 2864.448); (261.503, 2895.053); (251.698, 2900.690); (245.388, 2903.068); (241.059, 2898.942)"
136,"(3759.486, 534.090); (3753.201, 515.219); (3763.813, 510.297); (3776.720, 510.402); (3786.202, 512.022); (3774.087, 531.196); (3768.332, 535.024)"
137,"(3720.580, 1230.108); (3746.555, 1203.885); (3751.154, 1200.508); (3756.913, 1200.134); (3763.686, 1207.608); (3767.833, 1214.007); (3776.696, 1229.208); (3772.855, 1232.656); (3762.901, 1236.838); (3747.705, 1238.838); (3737.377, 1236.002); (3727.846, 1233.203)"
138,"(3406.444, 972.877); (3408.186, 1000.451); (3405.329, 1014.600); (3345.000, 1007.967); (3337.080, 997.587); (3337.809, 992.623); (3348.204, 980.237); (3365.596, 963.038); (3397.228, 966.975)"
139,"(8.876, 3150.657); (14.517, 3146.387); (27.194, 3166.993); (30.207, 3172.134); (30.826, 3182.558); (27.326, 3185.921); (21.405, 3191.147); (15.070, 3189.967); (9.298, 3171.527)"
140,"(2331.456, 1478.205); (2352.937, 1476.396); (2357.353, 1477.038); (2359.493, 1478.193); (2369.208, 1487.622); (2372.286, 1509.752); (2369.822, 1514.028); (2351.257, 1527.469); (2347.292, 1524.209); (2316.927, 1493.037); (2313.352, 1489.347); (2319.752, 1484.735); (2323.189, 1482.795)"
141,"(4055.364, 3113.317); (4041.462, 3063.532); (4051.671, 3048.824); (4055.365, 3044.270); (4062.057, 3043.357); (4070.395, 3047.030); (4081.149, 3055.197); (4078.076, 3118.531); (4078.026, 3119.560); (4077.832, 3123.017); (4077.607, 3126.681); (4058.026, 3117.278)"
142,"(2579.346, 2329.876); (2587.517, 2336.313); (2586.019, 2340.427); (2583.944, 2341.786); (2568.801, 2342.888); (2572.329, 2331.046)"
143,"(664.659, 1909.095); (649.416, 1904.784); (668.782, 1884.832); (676.429, 1877.923); (680.873, 1874.547); (685.058, 1876.682); (688.182, 1881.011); (681.981, 1902.870); (670.799, 1910.681)"
144,"(3753.114, 3292.793); (3785.116, 3264.545); (3791.396, 3269.456); (3792.885, 3273.816); (3781.004, 3307.492); (3777.590, 3312.852); (3767.411, 3317.928); (3762.937, 3319.453); (3757.277, 3315.447); (3755.565, 3307.471)"
145,"(2216.862, 2013.358); (2219.897, 2005.092); (2228.490, 2006.761); (2226.620, 2015.276); (2224.397, 2022.821); (2219.941, 2022.474); (2217.465, 2018.213)"
146,"(265.216, 1035.105); (268.166, 1030.879); (273.554, 1027.187); (278.583, 1030.426); (282.054, 1035.473); (289.153, 1046.461); (284.352, 1046.942); (274.224, 1043.367); (268.915, 1040.356)"
147,"(3784.628, 1940.968); (3773.830, 1969.684); (3766.639, 1974.674); (3765.614, 1973.952); (3756.873, 1963.174); (3754.363, 1952.682); (3753.431, 1946.830); (3753.323, 1945.107); (3752.950, 1937.927); (3752.900, 1929.629); (3752.899, 1928.689); (3752.919, 1922.158); (3757.276, 1922.286); (3772.279, 1924.397); (3780.724, 1934.090)"
148,"(4057.578, 1301.849); (4073.182, 1303.879); (4072.760, 1328.904); (4072.216, 1336.121); (4068.188, 1353.622); (4064.452, 1367.064); (4059.594, 1366.237); (4043.630, 1345.667); (4041.620, 1339.718); (4041.217, 1330.834); (4040.901, 1317.305); (4041.010, 1311.825); (4045.816, 1307.700)"
149,"(1913.089, 1282.305); (1913.539, 1276.176); (1918.816, 1278.684); (1918.054, 1284.034); (1913.446, 1286.568)"
150,"(4052.937, 2800.226); (4040.672, 2741.774); (4041.097, 2736.500); (4052.109, 2739.358); (4060.452, 2743.450); (4066.161, 2749.083); (4073.128, 2764.523); (4066.625, 2795.972); (4063.690, 2803.158); (4061.757, 2806.907)"
151,"(3358.294, 313.634); (3403.890, 339.904); (3403.011, 347.526); (3387.016, 356.533); (3351.846, 374.640); (3342.960, 361.604); (3336.967, 350.544); (3337.540, 316.731)"
152,"(2378.219, 1351.938); (2362.323, 1366.753); (2333.561, 1364.295); (2317.055, 1343.653); (2315.863, 1342.040); (2314.614, 1339.992); (2313.281, 1337.468); (2314.844, 1334.867); (2318.131, 1331.107); (2337.030, 1330.303); (2347.326, 1330.984); (2352.657, 1333.154); (2365.521, 1338.517); (2370.908, 1343.506)"
153,"(2066.171, 821.596); (2143.619, 837.539); (2143.211, 843.459); (2142.759, 849.818); (2142.531, 852.704); (2120.235, 881.525); (2115.036, 886.901); (2101.167, 886.991); (2094.259, 880.215); (2087.870, 873.948); (2061.387, 839.942); (2057.979, 833.206); (2057.412, 828.302); (2060.523, 822.641)"
154,"(2616.801, 2363.957); (2618.209, 2380.291); (2615.213, 2387.132); (2606.526, 2391.083); (2601.267, 2389.538); (2600.795, 2385.046); (2601.044, 2372.273); (2601.513, 2366.931); (2607.239, 2363.066); (2614.948, 2358.741)"
155,"(2138.457, 2020.971); (2130.224, 2022.936); (2123.893, 2017.417); (2120.805, 2009.830); (2129.246, 2010.837)"
156,"(3893.357, 1714.726); (3880.924, 1719.434); (3882.346, 1705.248); (3890.742, 1696.531); (3897.010, 1695.230)"
157,"(1451.925, 1227.795); (1448.980, 1219.426); (1449.700, 1209.335); (1451.959, 1203.054); (1463.906, 1203.114); (1466.429, 1205.402); (1470.178, 1211.679); (1469.947, 1215.950); (1469.414, 1218.131); (1464.256, 1230.903); (1460.261, 1239.276); (1459.830, 1238.725)"
158,"(2393.624, 1398.896); (2385.015, 1398.831); (2380.184, 1394.223); (2378.469, 1392.122); (2377.191, 1387.246); (2380.072, 1379.951); (2385.196, 1376.021); (2395.250, 1370.410); (2398.131, 1373.014); (2399.276, 1378.710); (2399.604, 1383.431); (2397.892, 1392.584)"
159,"(4063.606, 1719.370); (4043.712, 1711.333); (4041.511, 1705.387); (4040.514, 1682.500); (4044.099, 1674.583); (4063.700, 1662.556); (4073.508, 1671.368); (4071.324, 1683.443)"
160,"(3263.779, 3078.428); (3257.413, 3079.175); (3260.279, 3073.413); (3262.611, 3069.370); (3269.743, 3069.746); (3274.930, 3071.408)"
161,"(3234.312, 298.859); (3252.188, 313.909); (3246.349, 330.300); (3234.561, 340.871); (3228.670, 342.800); (3225.024, 343.464); (3210.264, 321.476); (3209.009, 319.587); (3211.725, 314.652); (3219.422, 307.585)"
162,"(2647.258, 1204.110); (2632.588, 1193.084); (2636.941, 1188.878); (2640.659, 1185.893); (2645.844, 1191.892); (2646.873, 1193.231); (2656.151, 1205.480); (2652.583, 1206.882)"
163,"(2472.830, 391.224); (2472.655, 368.586); (2477.703, 366.947); (2485.016, 366.004); (2492.649, 365.753); (2497.485, 369.543); (2498.615, 372.750); (2504.737, 391.640); (2502.358, 398.154); (2477.409, 406.746); (2474.307, 398.809)"
164,"(507.595, 372.937); (491.707, 374.981); (489.919, 370.949); (489.493, 367.501); (492.550, 353.059); (502.175, 351.163); (507.575, 352.406)"
165,"(1803.591, 2407.298); (1800.564, 2403.521); (1805.576, 2398.649); (1813.491, 2399.152); (1807.708, 2406.893)"
166,"(968.504, 407.792); (969.844, 397.293); (982.833, 391.303); (982.836, 391.302); (982.840, 391.303); (987.268, 392.441); (993.452, 395.332); (993.469, 395.342); (1012.444, 406.786); (1014.611, 409.643); (1015.056, 410.293); (1015.413, 411.479); (1020.662, 431.523); (1016.255, 436.355); (1010.581, 438.087); (1001.954, 439.105); (982.336, 426.130)"
167,"(645.072, 332.933); (635.887, 342.664); (618.827, 332.144); (617.146, 321.826); (617.319, 309.911); (621.424, 304.385); (628.340, 304.970); (632.379, 306.707); (639.913, 316.580); (642.306, 323.531)"
168,"(1035.067, 402.906); (1036.882, 406.574); (1033.481, 407.229); (1032.555, 406.979); (1033.951, 403.638); (1034.243, 403.190)"
169,"(2089.407, 1087.772); (2100.420, 1079.642); (2108.335, 1084.998); (2104.688, 1103.010); (2102.192, 1111.328); (2089.660, 1096.407)"
170,"(1593.274, 1106.955); (1598.941, 1101.131); (1601.230, 1105.757); (1595.535, 1111.259)"
171,"(672.627, 1136.376); (672.384, 1140.157); (670.653, 1142.678); (668.563, 1140.485); (665.186, 1133.344); (671.565, 1135.112)"
172,"(3656.844, 849.321); (3662.424, 827.984); (3664.336, 826.771); (3667.871, 824.674); (3673.649, 826.965); (3678.242, 830.219); (3679.952, 837.748); (3681.828, 846.224); (3678.651, 849.954); (3675.692, 851.786); (3665.499, 855.480); (3659.519, 853.517)"
173,"(1702.525, 3082.804); (1701.243, 3094.581); (1690.013, 3093.015); (1688.569, 3078.958); (1698.798, 3069.966)"
174,"(2312.511, 1295.278); (2314.782, 1279.343); (2323.800, 1284.076); (2335.414, 1295.788); (2337.723, 1299.529); (2331.527, 1303.156); (2315.385, 1298.723)"
175,"(856.887, 787.153); (862.286, 783.174); (863.159, 787.178); (861.718, 790.964)"
176,"(3944.645, 1807.932); (3949.009, 1795.927); (3961.241, 1805.539); (3958.406, 1812.282); (3944.698, 1815.058)"
177,"(1064.677, 1859.762); (1068.671, 1856.028); (1076.115, 1860.763); (1070.367, 1862.638)"
178,"(1039.148, 2313.774); (1049.179, 2319.230); (1039.564, 2326.813); (1033.098, 2324.547); (1035.104, 2317.440)"
179,"(2537.003, 1102.022); (2539.011, 1089.627); (2545.328, 1082.532); (2556.391, 1097.157); (2556.818, 1103.005); (2555.903, 1109.617); (2544.073, 1111.477); (2542.360, 1110.983); (2540.141, 1109.011)"
180,"(3506.491, 3631.445); (3510.778, 3634.124); (3509.258, 3640.921); (3505.459, 3653.475); (3501.100, 3655.159); (3496.509, 3654.012); (3502.707, 3639.126)"
181,"(1864.758, 2428.910); (1867.390, 2430.105); (1868.076, 2439.071); (1864.859, 2438.041); (1864.789, 2431.690)"
182,"(1508.607, 199.764); (1506.647, 210.830); (1502.943, 215.167); (1490.901, 214.978); (1484.130, 211.642); (1482.068, 205.358); (1481.039, 197.908); (1483.420, 191.932); (1498.660, 184.973); (1504.005, 190.504)"
183,"(2696.772, 1527.155); (2704.327, 1520.272); (2706.299, 1519.569); (2706.761, 1521.924); (2706.978, 1526.594); (2696.975, 1527.404)"
184,"(3128.961, 2180.585); (3130.828, 2171.291); (3133.244, 2177.328); (3133.119, 2179.471); (3132.850, 2182.659)"
185,"(3564.881, 957.534); (3566.949, 957.899); (3565.559, 965.351); (3561.107, 967.034); (3561.839, 960.217)"
186,"(3968.844, 1094.743); (3960.666, 1092.788); (3965.297, 1089.353); (3968.133, 1092.443)"
187,"(3833.385, 1268.572); (3828.835, 1271.090); (3822.005, 1263.455); (3817.374, 1255.114); (3821.065, 1249.225); (3828.249, 1247.941); (3831.134, 1253.836); (3832.910, 1259.224)"
188,"(2648.627, 1713.466); (2661.177, 1704.916); (2658.396, 1718.726)"
189,"(1577.296, 655.600); (1584.469, 643.682); (1596.992, 653.133); (1596.339, 656.537); (1579.187, 663.173)"
190,"(3632.198, 3589.087); (3632.187, 3591.148); (3627.200, 3590.706); (3624.968, 3589.721); (3625.515, 3589.499)"
191,"(3852.138, 3185.950); (3854.893, 3191.904); (3854.764, 3197.460); (3853.609, 3206.357); (3852.608, 3207.284); (3851.972, 3205.743); (3851.631, 3204.869); (3850.531, 3200.532); (3849.781, 3197.216); (3849.542, 3195.561); (3849.238, 3191.417); (3849.230, 3188.660); (3849.414, 3185.564)"
192,"(2218.697, 2246.693); (2216.507, 2228.574); (2224.578, 2231.826); (2227.794, 2237.489); (2224.720, 2242.062)"
193,"(2800.521, 2235.987); (2799.424, 2247.414); (2797.056, 2246.184); (2793.150, 2231.678); (2799.544, 2228.107)"
194,"(2923.136, 535.267); (2920.662, 532.598); (2921.597, 529.849); (2925.715, 530.891)"
195,"(344.857, 983.362); (347.978, 975.773); (353.109, 973.641); (350.739, 981.312)"
196,"(584.850, 1248.848); (598.390, 1130.113); (604.434, 1125.185); (633.538, 1129.932); (654.133, 1158.876); (637.636, 1225.910); (612.590, 1269.230); (609.155, 1269.834); (593.894, 1271.337); (589.426, 1268.656); (586.424, 1256.892)"
197,"(65.991, 2130.609); (34.596, 2166.939); (30.912, 2162.554); (20.389, 2140.460); (19.443, 2135.133); (11.636, 2071.002); (9.461, 2052.773); (11.237, 2024.370); (15.248, 2017.081); (29.049, 2013.407); (34.385, 2014.248); (38.232, 2016.604); (57.665, 2043.247); (64.306, 2056.697); (69.997, 2074.428); (71.648, 2081.998); (72.398, 2085.550); (73.566, 2091.246); (70.593, 2113.695); (69.387, 2118.579); (67.432, 2126.004)"
198,"(1723.688, 506.632); (1745.571, 494.982); (1751.403, 497.416); (1794.399, 528.907); (1804.472, 545.824); (1814.270, 581.531); (1803.356, 612.695); (1784.569, 627.112); (1777.344, 631.028); (1735.597, 629.243); (1695.256, 626.935); (1692.231, 626.292); (1676.790, 600.606); (1674.912, 594.242); (1672.952, 584.269); (1679.413, 573.618)"
199,"(3988.095, 3420.700); (3977.485, 3394.914); (3985.980, 3380.998); (4063.012, 3296.216); (4071.936, 3290.242); (4077.988, 3293.575); (4082.480, 3305.885); (4082.644, 3312.266); (4070.877, 3379.965); (4010.009, 3446.529)"
200,"(3560.617, 709.919); (3571.417, 697.003); (3576.756, 697.015); (3584.805, 698.162); (3599.547, 708.256); (3592.385, 724.867); (3589.198, 726.798); (3572.186, 721.913); (3567.446, 719.909); (3563.613, 716.615)"
201,"(3535.271, 2067.021); (3566.707, 2067.511); (3566.990, 2068.375); (3567.574, 2070.782); (3568.008, 2073.270); (3572.131, 2134.961); (3567.776, 2135.037); (3561.412, 2131.559); (3537.664, 2099.659); (3528.586, 2086.869); (3531.706, 2070.768)"
202,"(522.903, 1238.705); (520.911, 1222.381); (524.146, 1217.368); (569.385, 1209.324); (575.464, 1211.671); (573.271, 1217.402); (569.930, 1225.743); (561.307, 1237.064); (556.713, 1238.812); (537.029, 1238.786)"
203,"(2088.514, 3103.073); (2102.403, 3100.047); (2104.914, 3107.980); (2101.807, 3109.276); (2095.706, 3110.580)"
204,"(3961.292, 1922.752); (3948.072, 1926.863); (3945.593, 1923.992); (3944.649, 1918.189); (3947.927, 1916.088)"
205,"(3081.327, 4054.480); (3439.542, 3676.195); (3536.053, 3675.133); (4076.690, 3669.184); (4079.320, 3701.491); (4080.069, 4003.953); (4079.597, 4038.221); (4073.081, 4055.982); (4054.114, 4060.421); (3822.789, 4080.740); (3313.242, 4087.085); (3148.336, 4071.922); (3092.972, 4065.998); (3086.116, 4061.222)"
206,"(355.824, 2054.336); (349.773, 2055.136); (347.250, 2051.321); (344.753, 2047.215); (350.951, 2049.498)"
207,"(2549.858, 2867.403); (2537.299, 2864.733); (2542.921, 2855.438); (2555.365, 2847.918); (2573.007, 2843.397); (2581.350, 2853.308); (2579.179, 2862.890); (2569.995, 2871.060)"
208,"(1333.881, 3990.563); (1306.795, 3990.781); (1284.751, 3990.251); (1266.378, 3988.472); (1263.434, 3987.683); (1259.586, 3982.550); (1257.386, 3974.995); (1261.462, 3969.986); (1273.160, 3968.885); (1312.507, 3969.819); (1348.373, 3972.524); (1363.385, 3976.026); (1365.682, 3978.587); (1367.983, 3986.585); (1364.896, 3987.426)"
209,"(1231.459, 3613.732); (1054.146, 3639.272); (1049.621, 3637.686); (1040.745, 3628.348); (1036.951, 3622.264); (1033.233, 3615.517); (1122.729, 3594.434); (1141.246, 3591.421); (1177.555, 3590.413); (1214.437, 3589.415); (1225.932, 3593.311); (1230.310, 3596.934); (1231.104, 3605.635)"
210,"(3481.305, 3079.023); (3488.077, 3073.217); (3493.309, 3073.359); (3488.265, 3078.109)"
211,"(1889.667, 1247.416); (1887.250, 1264.639); (1873.725, 1268.653); (1861.549, 1271.070); (1838.098, 1264.385); (1833.267, 1253.478); (1850.243, 1244.133); (1858.171, 1242.277); (1865.169, 1241.452)"
212,"(2298.799, 2230.788); (2297.151, 2230.240); (2297.369, 2229.250); (2304.172, 2225.734)"
213,"(4072.679, 1474.618); (4077.488, 1466.059); (4082.134, 1467.517); (4085.972, 1469.679); (4083.624, 1474.863); (4080.010, 1477.778); (4076.656, 1479.221)"
214,"(2316.508, 3698.422); (2313.357, 3689.795); (2328.003, 3688.628); (2342.564, 3693.667); (2336.223, 3700.711); (2329.799, 3703.032)"
215,"(1278.969, 2453.764); (1276.389, 2455.094); (1268.546, 2450.854); (1261.823, 2446.513); (1257.492, 2438.598); (1273.116, 2447.323)"
216,"(2191.303, 600.497); (2184.946, 581.565); (2192.073, 573.028); (2198.720, 565.914); (2212.435, 552.947); (2266.507, 512.693); (2315.710, 502.867); (2325.812, 521.190); (2325.925, 536.031); (2306.937, 611.434); (2283.224, 625.437); (2277.792, 628.578); (2272.522, 630.609); (2266.474, 630.558)"
217,"(1793.841, 1718.546); (1755.889, 1706.387); (1738.848, 1691.133); (1737.119, 1686.332); (1743.075, 1650.454); (1745.449, 1648.647); (1824.904, 1648.454); (1843.172, 1657.810); (1846.341, 1666.458); (1847.688, 1672.915); (1846.113, 1676.052); (1815.407, 1712.416)"
218,"(1897.386, 513.013); (1902.099, 506.112); (1916.499, 498.844); (1924.728, 499.802); (1936.285, 528.066); (1934.749, 535.014); (1925.965, 534.438); (1913.890, 527.696)"
219,"(3550.663, 218.822); (3551.471, 247.235); (3538.394, 237.037); (3531.190, 227.213); (3528.900, 219.678); (3535.837, 219.141); (3545.953, 218.677)"
220,"(821.072, 246.931); (808.638, 230.364); (823.742, 220.345); (829.361, 216.757); (834.579, 215.145); (836.885, 223.552)"
221,"(1714.674, 3159.074); (1708.218, 3151.042); (1707.583, 3145.714); (1704.803, 3121.755); (1712.262, 3123.141); (1723.826, 3135.558); (1721.728, 3143.739); (1717.434, 3154.060)"
222,"(2395.828, 443.987); (2404.754, 484.351); (2404.516, 494.972); (2401.830, 497.315); (2393.324, 501.486); (2385.534, 502.895); (2328.576, 472.075); (2325.758, 466.412); (2313.593, 435.092); (2312.904, 423.817); (2359.509, 433.321); (2379.508, 437.550)"
223,"(3433.077, 1360.475); (3434.572, 1356.291); (3453.705, 1345.265); (3455.313, 1347.038); (3460.640, 1356.195); (3461.239, 1361.269); (3457.360, 1364.812); (3452.241, 1366.194); (3448.188, 1366.874); (3437.063, 1365.340)"
224,"(3357.110, 2871.172); (3353.363, 2865.215); (3357.129, 2861.880); (3362.051, 2860.206); (3375.026, 2860.882); (3372.393, 2863.637)"
225,"(1422.214, 3781.809); (1417.239, 3783.262); (1418.533, 3779.569); (1427.694, 3778.062)"
226,"(3912.519, 3475.190); (3959.023, 3454.287); (3965.491, 3452.649); (3974.642, 3453.215); (3988.288, 3458.976); (3993.830, 3461.413); (3998.477, 3466.648); (3998.108, 3470.321); (3994.408, 3474.085); (3989.839, 3477.445); (3928.571, 3479.156)"
227,"(571.801, 3933.057); (556.283, 3958.619); (537.129, 3958.409); (470.161, 3934.729); (457.297, 3928.313); (490.021, 3918.396); (499.665, 3917.700); (505.425, 3918.076)"
228,"(589.805, 2033.928); (585.436, 2013.874); (587.606, 1995.629); (590.157, 1992.698); (618.058, 1960.967); (623.432, 1958.099); (626.996, 1960.108); (633.024, 1981.491); (631.419, 1998.233); (630.521, 2000.710); (627.124, 2006.822); (608.890, 2032.444); (598.874, 2038.725); (593.484, 2038.700)"
229,"(805.537, 470.641); (726.995, 700.614); (635.170, 748.281); (608.933, 756.452); (599.900, 757.250); (572.734, 758.819); (558.044, 754.851); (548.614, 746.312); (545.104, 738.641); (524.507, 677.457); (521.048, 664.869); (591.129, 469.623); (592.776, 467.141); (645.447, 461.526); (705.446, 458.242); (709.328, 458.278); (743.598, 459.193); (787.460, 460.905); (791.618, 462.037)"
230,"(3721.320, 1161.750); (3720.245, 1168.083); (3681.803, 1250.065); (3672.369, 1268.424); (3671.467, 1268.434); (3659.783, 1268.563); (3654.020, 1268.627); (3629.326, 1268.899); (3539.793, 1269.885); (3526.436, 1270.031); (3519.599, 1270.107); (3437.538, 1271.008); (3403.142, 1257.511); (3367.997, 1241.304); (3363.762, 1238.678); (3336.807, 1218.892); (3362.332, 1165.907); (3379.428, 1153.619); (3388.309, 1153.248); (3682.881, 1158.820)"
231,"(562.065, 503.401); (552.539, 495.526); (553.868, 489.559); (555.917, 482.369); (558.409, 478.482); (567.630, 482.955); (571.947, 487.242); (572.178, 498.335); (569.129, 502.418)"
232,"(1694.795, 2970.739); (1725.370, 2979.422); (1723.218, 2982.562); (1716.507, 2986.460); (1682.819, 2998.751); (1678.247, 2989.717); (1673.440, 2972.787); (1677.497, 2969.559)"
233,"(3080.883, 3502.748); (3082.661, 3489.503); (3106.520, 3479.807); (3116.490, 3478.672); (3129.350, 3479.255); (3131.439, 3481.452); (3121.517, 3493.884); (3111.418, 3506.405); (3093.288, 3511.158); (3084.779, 3505.849)"
234,"(3478.642, 3653.523); (3464.622, 3654.881); (3478.512, 3649.125)"
235,"(3149.268, 663.425); (3145.155, 660.800); (3150.142, 657.079); (3151.898, 659.088)"
236,"(2355.247, 566.953); (2349.812, 565.369); (2345.930, 554.069); (2345.461, 547.942); (2346.025, 538.579); (2350.204, 528.372); (2355.553, 525.232); (2363.814, 521.247); (2382.065, 523.492); (2387.735, 524.289); (2388.587, 534.337); (2388.042, 538.535); (2383.332, 544.651); (2376.785, 550.689)"
237,"(2926.100, 267.983); (2921.442, 256.155); (2921.960, 251.614); (2928.599, 250.450); (2936.699, 249.457); (2948.858, 249.285); (2953.928, 249.233); (2957.479, 250.059); (2953.859, 267.574); (2948.654, 279.312)"
238,"(3176.957, 657.044); (3179.775, 656.367); (3184.356, 662.909); (3178.027, 659.833)"
239,"(2440.886, 3043.742); (2471.971, 2996.820); (2476.803, 2997.193); (2482.283, 2999.232); (2486.307, 3011.715); (2489.412, 3023.637); (2483.376, 3054.783); (2481.981, 3058.716); (2479.469, 3060.430); (2466.285, 3063.264); (2454.365, 3061.156); (2441.615, 3051.142)"
240,"(400.923, 903.315); (392.788, 895.972); (400.526, 896.003); (400.740, 897.904)"
241,"(57.227, 3072.194); (50.447, 3079.049); (42.100, 3076.814); (40.820, 3075.619); (41.772, 3072.600); (47.275, 3070.694); (55.719, 3068.193)"
242,"(3989.613, 2166.879); (3868.868, 2102.174); (3859.019, 2068.640); (3848.760, 1942.439); (3854.668, 1936.710); (3899.770, 1915.586); (3904.242, 1915.883); (3962.468, 1969.011); (3989.047, 2142.263)"
243,"(1688.587, 534.425); (1684.469, 534.558); (1666.530, 532.968); (1659.595, 531.583); (1644.953, 516.430); (1640.712, 508.685); (1646.006, 506.588); (1686.890, 492.736); (1690.082, 492.417); (1694.881, 496.280); (1691.063, 522.168)"
244,"(3198.996, 3664.587); (3144.778, 3800.497); (3133.140, 3818.328); (3124.164, 3829.145); (3118.859, 3831.346); (3106.373, 3828.180); (3096.327, 3815.615); (3084.045, 3792.165); (3080.534, 3779.311); (3083.235, 3769.060); (3105.243, 3685.813); (3106.125, 3683.375); (3108.445, 3678.391); (3109.612, 3676.001); (3112.190, 3672.129); (3120.438, 3661.061); (3130.941, 3658.108); (3188.072, 3655.634); (3197.107, 3660.070)"
245,"(3473.639, 3519.701); (3488.711, 3526.234); (3481.591, 3567.763); (3480.272, 3573.907); (3474.212, 3574.983); (3470.225, 3572.356); (3465.033, 3554.408); (3464.961, 3549.194); (3469.979, 3528.921); (3471.652, 3524.643)"
246,"(3913.541, 288.871); (3912.684, 277.509); (3922.220, 273.010); (3933.722, 270.767); (3941.464, 270.842); (3948.921, 275.279); (3954.282, 290.301); (3951.107, 300.012); (3947.675, 307.586); (3939.480, 309.938); (3931.289, 310.718); (3924.725, 305.009)"
247,"(1889.178, 553.432); (1903.726, 549.923); (1909.719, 550.618); (1964.118, 566.541); (1970.365, 568.616); (1995.347, 577.601); (1999.449, 586.811); (1998.402, 594.625); (1997.139, 597.152); (1993.813, 602.419); (1978.153, 610.925); (1919.741, 631.206); (1866.225, 608.271); (1864.631, 602.428); (1867.096, 585.144); (1871.556, 578.552)"
248,"(1064.682, 1252.685); (1077.439, 1237.758); (1084.661, 1231.471); (1091.691, 1225.811); (1101.937, 1227.561); (1111.116, 1234.798); (1118.001, 1248.371); (1119.902, 1252.929); (1115.005, 1256.863); (1101.870, 1267.046); (1086.768, 1271.043); (1082.257, 1269.942); (1076.017, 1268.307)"
249,"(2881.100, 676.382); (2878.828, 691.372); (2869.580, 694.688); (2863.801, 685.897); (2858.832, 676.309); (2857.262, 667.764); (2856.844, 660.194); (2861.745, 655.996); (2869.067, 652.271); (2876.045, 657.701)"
250,"(3689.136, 1471.875); (3692.950, 1463.737); (3696.355, 1467.369); (3706.419, 1479.061); (3707.514, 1485.799); (3705.029, 1494.585); (3694.250, 1482.517); (3690.352, 1476.372)"
251,"(339.364, 318.328); (342.887, 331.166); (339.251, 343.956); (331.975, 368.618); (327.581, 375.426); (325.589, 375.380); (269.778, 365.453); (266.369, 362.984); (264.698, 357.356); (266.720, 351.958); (273.358, 334.980); (277.274, 330.041); (286.922, 318.113); (302.773, 299.923); (307.369, 297.105); (312.703, 300.236)"
252,"(3022.733, 2223.357); (3017.459, 2217.622); (3018.409, 2212.428); (3019.741, 2206.266); (3023.923, 2189.429); (3027.407, 2185.964); (3033.200, 2181.015); (3043.603, 2180.514); (3076.657, 2188.296); (3096.149, 2193.283); (3114.826, 2202.541); (3125.763, 2213.256); (3113.262, 2223.919); (3085.367, 2227.925); (3060.448, 2230.992)"
253,"(3881.639, 477.909); (3873.441, 519.971); (3827.045, 558.302); (3808.649, 565.355); (3805.466, 566.159); (3799.862, 566.707); (3790.566, 562.289); (3785.167, 559.676); (3791.146, 547.067); (3800.657, 532.219); (3838.207, 480.282); (3842.580, 477.829); (3862.214, 468.537); (3881.495, 475.863)"
254,"(809.033, 1732.707); (819.993, 1722.062); (824.554, 1730.164); (828.040, 1736.529); (829.930, 1741.192); (832.046, 1746.474); (828.706, 1751.197); (823.683, 1749.097); (815.464, 1741.942)"
255,"(1787.741, 3510.714); (1776.997, 3507.375); (1769.650, 3492.167); (1769.023, 3483.180); (1776.287, 3469.437); (1795.095, 3455.933); (1798.455, 3457.855); (1802.089, 3462.678); (1805.641, 3469.980); (1794.728, 3508.872)"
256,"(1985.870, 455.793); (1977.750, 471.994); (1963.359, 496.606); (1959.472, 502.836); (1949.728, 502.702); (1946.729, 501.151); (1936.082, 472.238); (1928.585, 451.374); (1933.009, 442.908); (1943.025, 436.919); (1952.387, 435.443); (1961.409, 435.366); (1966.549, 436.594); (1971.581, 440.285); (1978.733, 446.280); (1983.076, 450.323)"
257,"(83.773, 364.673); (83.214, 405.922); (68.509, 430.632); (61.154, 433.834); (41.773, 439.325); (32.333, 429.766); (23.713, 419.260); (8.952, 390.254); (8.794, 372.809); (11.975, 363.267); (15.584, 359.529); (55.913, 350.118); (64.473, 352.847)"
258,"(3211.190, 495.475); (3213.009, 489.881); (3297.434, 501.913); (3302.111, 503.954); (3312.581, 530.618); (3303.329, 544.474); (3300.611, 548.274); (3296.612, 551.651); (3290.413, 554.639); (3259.354, 564.534); (3250.785, 566.449); (3244.362, 567.049); (3239.518, 564.616); (3216.225, 551.447); (3211.754, 546.133); (3209.018, 539.168); (3209.307, 527.306)"
259,"(4073.277, 802.275); (4080.288, 799.955); (4080.670, 804.421); (4077.042, 807.357)"
260,"(2067.946, 1046.658); (2025.490, 1035.706); (2025.755, 1033.598); (2030.806, 1013.777); (2045.207, 1002.626); (2051.688, 1002.033); (2071.892, 1020.551); (2077.583, 1026.668); (2082.768, 1034.644); (2073.627, 1043.399)"
261,"(1495.228, 796.891); (1480.760, 718.785); (1514.556, 682.307); (1518.498, 679.521); (1547.902, 692.944); (1553.076, 713.422); (1553.725, 720.135); (1544.663, 776.418); (1537.831, 799.915); (1533.540, 812.825); (1523.715, 820.282); (1517.705, 823.493); (1508.373, 818.044); (1505.533, 813.935); (1496.473, 800.302)"
262,"(1416.580, 405.631); (1418.839, 388.207); (1422.055, 384.163); (1425.623, 380.883); (1434.124, 377.908); (1435.533, 377.420); (1451.530, 379.194); (1476.068, 382.789); (1488.365, 397.055); (1496.810, 410.021); (1500.966, 417.780); (1504.330, 429.049); (1494.103, 436.439); (1484.987, 438.972); (1433.262, 418.442); (1420.258, 412.510)"
263,"(414.561, 646.526); (408.698, 644.331); (410.168, 641.184); (413.540, 639.952)"
264,"(236.950, 434.686); (232.724, 418.122); (236.172, 408.635); (238.692, 404.694); (245.308, 396.220); (267.068, 398.406); (268.729, 407.186); (268.842, 413.475); (266.150, 418.637); (248.169, 439.380)"
265,"(2989.223, 3287.032); (2984.790, 3279.295); (2985.303, 3271.164); (2987.108, 3254.758); (2991.904, 3249.352); (2998.212, 3253.477); (3001.733, 3257.421); (3000.998, 3262.604)"
266,"(2837.782, 338.158); (2819.428, 342.912); (2799.723, 342.509); (2794.669, 328.237); (2793.429, 310.301); (2800.577, 300.598); (2825.289, 309.571); (2833.303, 317.116)"
267,"(1973.777, 326.983); (1976.837, 326.063); (1993.469, 329.117); (1998.010, 353.114); (1997.561, 362.698); (1994.407, 368.628); (1991.252, 373.037); (1984.238, 375.394); (1973.906, 372.254); (1964.242, 368.343); (1960.567, 360.416); (1967.524, 341.189); (1971.227, 332.505)"
268,"(3781.238, 325.910); (3785.068, 356.525); (3778.961, 371.540); (3758.337, 374.724); (3753.085, 372.308); (3736.086, 362.862); (3726.724, 357.150); (3721.350, 353.427); (3726.313, 343.798); (3735.730, 329.267); (3740.076, 326.008); (3762.295, 321.726)"
269,"(235.152, 3520.419); (232.698, 3475.572); (233.934, 3469.697); (243.916, 3453.838); (255.337, 3441.116); (261.952, 3441.772); (270.733, 3442.668); (276.450, 3484.417); (277.319, 3490.881); (273.487, 3504.384); (247.717, 3541.230); (242.665, 3542.776); (238.690, 3536.116); (236.892, 3528.434)"
270,"(4025.782, 502.504); (4009.082, 479.595); (4016.017, 464.974); (4025.695, 463.000); (4032.459, 462.600); (4044.746, 462.686); (4050.033, 463.743); (4055.208, 469.689); (4061.910, 497.948); (4053.310, 499.782); (4042.075, 501.152)"
271,"(2606.845, 1159.367); (2600.882, 1152.006); (2603.324, 1151.697); (2610.676, 1156.283)"
272,"(1499.445, 3015.467); (1490.653, 3030.885); (1487.903, 3028.834); (1481.300, 3020.996); (1481.383, 3002.468); (1481.994, 2997.558); (1498.193, 3004.496)"
273,"(3433.351, 2976.523); (3443.369, 2960.767); (3444.194, 2966.797); (3444.293, 2973.829); (3442.564, 2981.734); (3435.588, 2982.874)"
274,"(2265.668, 2180.066); (2264.632, 2170.660); (2265.883, 2165.605); (2267.408, 2164.982); (2271.100, 2164.854); (2278.012, 2169.948); (2277.798, 2178.082); (2276.181, 2183.369); (2270.065, 2182.040)"
275,"(1282.312, 2214.017); (1273.161, 2288.956); (1272.778, 2291.485); (1271.335, 2295.090); (1247.938, 2290.896); (1245.632, 2288.844); (1243.034, 2285.988); (1239.311, 2279.398); (1238.104, 2274.989); (1228.275, 2236.142); (1225.265, 2219.553); (1229.106, 2215.849); (1237.460, 2210.259); (1243.464, 2207.689); (1248.843, 2205.971); (1256.977, 2206.294)"
276,"(335.740, 1605.097); (316.491, 1621.715); (311.456, 1623.040); (305.164, 1616.073); (301.609, 1610.875); (297.245, 1588.671); (296.851, 1584.594); (298.056, 1577.461); (302.085, 1570.436); (318.614, 1578.586); (331.930, 1596.051); (334.356, 1600.786)"
277,"(3773.585, 3542.619); (3752.646, 3541.262); (3753.741, 3534.050); (3763.508, 3512.328); (3766.963, 3508.440); (3779.889, 3497.951); (3783.767, 3497.981); (3783.418, 3505.219); (3782.214, 3523.592)"
278,"(847.809, 502.913); (841.479, 467.812); (848.287, 433.994); (863.046, 411.819); (881.136, 405.454); (931.721, 442.869); (940.992, 461.878); (942.362, 468.050); (940.578, 472.218); (919.559, 494.660)"
279,"(2622.171, 997.257); (2616.729, 999.161); (2618.322, 991.308); (2622.396, 990.156)"
280,"(3593.186, 1028.214); (3602.644, 1022.762); (3613.116, 1031.960); (3612.778, 1036.867); (3602.422, 1046.544); (3595.781, 1042.412); (3594.309, 1037.392)"
281,"(2729.266, 592.086); (2729.635, 580.691); (2735.588, 570.118); (2745.278, 578.644); (2747.642, 580.758); (2749.428, 585.133); (2750.344, 595.164); (2749.189, 598.530); (2745.359, 599.385); (2740.913, 598.437)"
282,"(2332.453, 169.467); (2324.087, 183.277); (2317.056, 177.465); (2312.676, 163.463); (2318.297, 160.000)"
283,"(3112.851, 272.798); (3113.834, 253.494); (3131.142, 251.837); (3144.685, 253.157); (3149.382, 263.913); (3139.894, 274.666); (3135.824, 277.787); (3128.749, 279.234); (3119.437, 276.131)"
284,"(3731.530, 2745.500); (3748.147, 2736.874); (3777.502, 2748.316); (3783.762, 2752.521); (3786.485, 2755.166); (3788.835, 2769.106); (3782.929, 2774.584); (3747.833, 2775.143); (3731.226, 2766.277); (3721.329, 2757.856); (3724.001, 2753.495)"
285,"(1859.445, 962.910); (1856.794, 975.734); (1840.400, 983.398); (1835.570, 979.773); (1832.825, 974.888); (1833.612, 970.657); (1840.030, 965.694)"
286,"(3208.858, 3057.578); (3211.681, 3049.558); (3234.432, 3037.061); (3239.591, 3038.533); (3250.667, 3050.188); (3240.478, 3059.516); (3229.959, 3063.438); (3210.312, 3061.332)"
287,"(1061.543, 3719.856); (1068.825, 3727.373); (1070.979, 3734.610); (1071.794, 3743.067); (1062.285, 3769.807); (1051.651, 3798.588); (1047.519, 3798.712); (1032.808, 3786.077); (1035.702, 3760.279); (1036.373, 3754.958); (1047.290, 3734.775); (1048.990, 3732.285)"
288,"(3024.944, 586.551); (3045.733, 582.461); (3056.586, 586.234); (3062.584, 589.938); (3064.276, 592.839); (3067.684, 599.133); (3069.114, 606.190); (3071.105, 624.915); (3065.777, 628.481); (3059.847, 630.840); (3032.133, 628.806); (3018.336, 615.822); (3016.525, 608.558); (3017.727, 600.049); (3019.755, 593.368); (3022.469, 589.062)"
289,"(28.177, 1399.138); (15.548, 1386.026); (9.301, 1368.029); (9.025, 1359.433); (10.678, 1349.731); (31.000, 1331.401); (55.118, 1321.394); (59.816, 1326.423); (64.862, 1340.700); (68.155, 1352.551); (67.678, 1356.457); (36.662, 1396.181)"
290,"(809.010, 910.589); (808.693, 898.580); (816.337, 891.235); (822.621, 890.573); (852.609, 898.755); (852.009, 906.448); (842.306, 917.509); (829.173, 919.111); (823.458, 917.013)"
291,"(4040.982, 672.624); (4048.738, 650.142); (4051.649, 646.378); (4072.682, 662.528); (4073.073, 675.646); (4071.529, 681.255); (4063.615, 692.638); (4051.695, 694.820); (4045.988, 692.848)"
292,"(1768.890, 790.980); (1768.632, 786.350); (1773.517, 784.244); (1774.921, 788.378)"
293,"(4074.957, 2535.265); (4072.509, 2519.143); (4078.321, 2515.204); (4082.771, 2521.995); (4084.828, 2527.321); (4084.570, 2533.589)"
294,"(1833.062, 2402.502); (1833.952, 2393.485); (1838.228, 2397.697); (1842.533, 2403.820); (1835.066, 2406.612)"
295,"(1233.221, 185.640); (1241.597, 185.203); (1247.133, 186.671); (1247.991, 199.563); (1242.395, 208.005); (1235.314, 212.668); (1226.422, 214.886); (1224.969, 206.279); (1226.107, 201.677)"
296,"(232.953, 3599.567); (236.945, 3576.672); (239.232, 3570.114); (242.439, 3564.757); (249.075, 3567.349); (251.042, 3571.056); (253.972, 3580.558); (254.097, 3582.727); (253.422, 3594.302); (250.874, 3601.178); (246.765, 3606.674); (239.321, 3603.692)"
297,"(493.199, 758.810); (491.365, 755.473); (489.585, 742.975); (488.759, 731.723); (489.554, 719.965); (491.577, 707.852); (506.931, 713.596); (511.393, 717.943); (515.229, 722.675); (518.263, 734.436); (519.544, 742.692); (513.339, 747.806); (495.818, 758.173)"
298,"(160.934, 3299.301); (135.352, 3318.998); (77.411, 3304.661); (73.144, 3294.722); (76.329, 3280.755); (84.744, 3271.988); (102.633, 3258.542); (110.670, 3261.658); (148.301, 3285.319); (152.534, 3289.753)"
299,"(1556.100, 2038.798); (1544.794, 2038.166); (1548.138, 2031.636); (1554.142, 2025.152); (1561.235, 2023.426); (1559.692, 2035.624); (1558.578, 2037.802)"
300,"(2012.860, 969.495); (2015.360, 990.564); (2012.942, 1009.984); (2009.903, 1014.786); (2004.457, 1013.237); (2000.498, 1010.604); (1993.170, 978.192); (1994.125, 973.460); (1996.295, 969.050); (2004.493, 968.039)"
301,"(2512.530, 2694.412); (2531.518, 2696.331); (2529.816, 2702.310); (2528.317, 2705.069); (2524.638, 2710.598); (2508.573, 2703.571); (2504.963, 2699.002); (2506.945, 2696.183)"
302,"(2632.586, 2689.290); (2636.843, 2674.475); (2642.895, 2677.709); (2644.640, 2683.677); (2646.189, 2689.894); (2639.739, 2694.895); (2633.414, 2694.938)"
303,"(744.855, 428.963); (748.282, 417.360); (754.659, 409.124); (760.375, 410.786); (768.799, 422.383); (769.163, 430.246); (769.139, 437.191); (764.231, 439.438); (750.221, 435.367); (745.384, 433.193)"
304,"(4076.366, 2936.319); (4079.216, 2953.292); (4078.876, 2956.160); (4063.044, 2998.917); (4057.876, 2998.444); (4040.821, 2983.938); (4046.173, 2949.280); (4049.671, 2940.368); (4054.744, 2934.740); (4062.416, 2927.249); (4071.486, 2925.120); (4073.991, 2929.859)"
305,"(45.661, 3996.103); (48.210, 3994.460); (54.350, 3995.214); (56.880, 3999.254); (58.422, 4002.545); (48.064, 4001.545)"
306,"(3305.134, 1723.324); (3323.531, 1749.854); (3311.841, 1751.082); (3306.551, 1733.225)"
307,"(809.732, 524.347); (808.738, 510.802); (817.798, 506.421); (825.365, 503.188); (827.345, 507.546); (830.721, 524.110); (826.003, 532.573); (813.998, 535.282); (811.577, 530.764)"
308,"(793.985, 1383.225); (811.354, 1376.690); (822.643, 1380.976); (822.996, 1385.237); (824.453, 1406.674); (810.828, 1426.951); (805.749, 1431.344); (802.640, 1430.960); (797.200, 1428.755); (792.430, 1425.011); (778.324, 1412.413); (776.556, 1408.444); (782.886, 1393.621)"
309,"(1768.892, 2600.533); (1773.235, 2590.910); (1778.879, 2592.722); (1781.242, 2598.616); (1784.953, 2611.468); (1779.139, 2614.999); (1776.046, 2611.252)"
310,"(4036.485, 2796.768); (4032.590, 2806.861); (4029.321, 2805.362); (4025.406, 2801.330); (4026.309, 2794.269); (4027.943, 2790.015); (4033.833, 2783.974); (4036.289, 2792.226)"
311,"(1449.109, 2993.541); (1455.722, 2973.043); (1462.597, 2967.149); (1465.908, 2969.872); (1463.747, 2990.212); (1461.856, 2999.093); (1456.514, 2997.536)"
312,"(3812.003, 1928.195); (3814.587, 1936.688); (3810.363, 1938.954); (3801.438, 1943.019); (3801.624, 1933.200)"
313,"(2309.295, 203.484); (2295.875, 214.833); (2287.885, 213.666); (2281.982, 212.252); (2281.347, 208.615); (2282.266, 194.710); (2294.512, 189.566); (2298.258, 189.641)"
314,"(4072.790, 3019.897); (4075.662, 3014.618); (4083.800, 3019.935); (4085.510, 3030.633); (4078.103, 3026.761)"
315,"(3272.813, 2711.484); (3272.701, 2693.342); (3277.302, 2691.005); (3279.986, 2700.226); (3280.659, 2709.027); (3277.587, 2710.673)"
316,"(426.706, 183.370); (424.999, 175.774); (427.093, 162.913); (428.755, 159.969); (431.139, 157.834); (441.666, 158.764); (446.646, 164.394); (443.028, 173.289)"
317,"(3992.759, 2055.201); (3992.727, 2041.936); (3995.524, 2042.061); (3999.505, 2044.176); (3996.893, 2050.855)"
318,"(2514.872, 3271.360); (2505.465, 3268.717); (2511.733, 3264.288); (2521.229, 3260.150)"
319,"(1955.243, 3158.595); (1944.787, 3150.368); (1953.101, 3149.771); (1961.229, 3150.765)"
320,"(399.093, 3551.587); (406.468, 3570.565); (396.283, 3592.095); (384.510, 3606.362); (380.916, 3606.619); (363.085, 3605.733); (360.753, 3604.021); (361.601, 3599.970); (368.553, 3582.245); (381.148, 3558.043); (387.840, 3551.609); (393.114, 3547.988)"
321,"(197.459, 3344.395); (190.132, 3350.571); (179.394, 3339.657); (168.553, 3325.645); (173.423, 3319.149)"
322,"(2088.839, 3345.043); (2092.757, 3334.380); (2102.288, 3342.101); (2102.197, 3346.312); (2101.337, 3350.526)"
323,"(1896.785, 967.188); (1899.406, 961.319); (1904.948, 962.603); (1901.213, 967.437)"
324,"(2601.418, 245.424); (2617.817, 242.485); (2630.933, 252.789); (2635.293, 259.048); (2635.174, 262.360); (2618.946, 278.331); (2612.951, 279.394); (2603.399, 278.119); (2601.863, 258.106)"
325,"(1534.590, 1415.395); (1536.089, 1448.180); (1534.212, 1450.870); (1516.656, 1462.615); (1512.532, 1447.953); (1518.467, 1429.947); (1521.592, 1425.126); (1523.409, 1423.197); (1525.225, 1421.584); (1529.987, 1418.281)"
326,"(2757.401, 2628.652); (2759.639, 2644.378); (2748.944, 2647.136); (2744.640, 2646.090); (2747.250, 2632.817); (2751.536, 2625.385)"
327,"(1672.946, 176.658); (1678.983, 165.971); (1685.285, 161.677); (1693.639, 164.639); (1697.127, 165.917); (1697.445, 169.090); (1697.386, 173.719); (1695.206, 177.869); (1690.153, 182.394); (1676.218, 182.606)"
328,"(3081.327, 515.379); (3083.183, 513.050); (3149.414, 495.727); (3161.376, 500.270); (3179.445, 508.031); (3184.490, 522.006); (3191.718, 544.744); (3206.449, 594.869); (3208.557, 602.946); (3208.972, 608.871); (3180.303, 630.634); (3125.054, 630.066); (3089.920, 624.443); (3087.535, 620.197); (3082.442, 552.478)"
329,"(1385.350, 1293.099); (1393.750, 1293.045); (1391.240, 1302.531)"
330,"(2717.496, 1046.698); (2712.948, 1039.902); (2718.020, 1037.128); (2720.818, 1040.335)"
331,"(2952.544, 535.261); (2954.996, 531.605); (2957.803, 534.135); (2956.929, 535.408)"
332,"(489.344, 179.265); (493.255, 165.222); (509.600, 160.414); (513.472, 165.420); (513.960, 179.085); (507.593, 181.379); (501.610, 183.119)"
333,"(3416.873, 614.614); (3419.208, 608.779); (3423.202, 611.486); (3421.464, 615.090)"
334,"(3439.113, 1766.982); (3432.545, 1766.190); (3441.499, 1754.339); (3445.175, 1753.444); (3448.119, 1753.919)"
335,"(291.175, 3729.336); (281.903, 3734.960); (280.807, 3727.363); (280.531, 3717.358); (287.080, 3721.559)"
336,"(1065.042, 502.413); (1064.807, 498.299); (1067.889, 500.323); (1068.155, 502.847)"
337,"(18.112, 3751.173); (9.485, 3747.229); (14.778, 3745.720); (22.857, 3746.203)"
338,"(1833.500, 1119.244); (1838.740, 1116.296); (1836.571, 1127.409); (1833.663, 1124.620)"
339,"(4072.606, 2372.532); (4084.487, 2371.968); (4087.766, 2375.076); (4088.360, 2384.008); (4087.616, 2389.656); (4080.227, 2390.749); (4075.541, 2386.815); (4072.715, 2378.614)"
340,"(2367.345, 1943.192); (2360.705, 1939.953); (2361.592, 1932.792); (2364.479, 1928.715); (2368.848, 1925.919); (2372.829, 1925.635); (2372.509, 1938.728)"
341,"(3246.309, 2967.209); (3240.623, 2958.154); (3246.509, 2951.623); (3248.193, 2958.512)"
342,"(1128.930, 373.510); (1154.045, 358.921); (1158.434, 360.951); (1164.923, 373.447); (1164.122, 378.844); (1159.217, 391.525); (1152.854, 404.946); (1149.842, 407.425); (1139.081, 406.366); (1134.302, 400.963)"
343,"(709.521, 3998.997); (708.336, 3986.900); (712.603, 3982.265); (721.605, 3980.802); (722.970, 3989.020); (713.228, 3997.593)"
344,"(1528.855, 2422.665); (1534.436, 2410.173); (1535.503, 2414.981); (1534.356, 2419.761)"
345,"(3016.965, 460.834); (3017.257, 451.182); (3023.990, 451.297); (3068.095, 453.585); (3082.029, 454.902); (3073.090, 485.929); (3063.192, 496.562); (3056.812, 499.528); (3027.704, 502.861); (3020.613, 476.858)"
346,"(3368.653, 2824.610); (3378.342, 2804.971); (3382.482, 2805.121); (3391.081, 2814.556); (3386.714, 2828.494); (3382.124, 2835.312); (3372.537, 2839.282); (3368.661, 2828.868)"
347,"(3679.100, 3381.757); (3680.628, 3386.472); (3676.037, 3393.928); (3669.946, 3398.765); (3656.413, 3404.194); (3611.284, 3415.133); (3600.049, 3412.229); (3593.248, 3407.692); (3594.715, 3402.358); (3630.365, 3384.063); (3638.658, 3381.132); (3660.024, 3379.349)"
348,"(714.725, 380.865); (712.823, 416.150); (708.096, 438.697); (704.286, 438.712); (699.045, 438.308); (692.499, 436.020); (657.691, 413.536); (655.354, 411.826); (650.798, 404.055); (649.245, 369.953); (654.084, 359.396); (659.558, 353.948); (664.377, 350.211); (703.633, 352.147); (712.285, 364.389); (714.161, 370.598)"
349,"(23.528, 1846.781); (9.301, 1770.645); (12.344, 1760.545); (15.430, 1751.492); (31.106, 1725.028); (35.278, 1721.252); (49.058, 1714.244); (66.101, 1724.752); (75.910, 1738.908); (79.141, 1744.788); (81.496, 1755.560); (83.253, 1764.617); (87.589, 1804.767); (77.682, 1839.334); (76.171, 1843.003); (64.572, 1846.584); (54.694, 1846.710)"
350,"(1803.381, 261.734); (1801.086, 255.103); (1805.266, 244.312); (1811.656, 240.760); (1817.899, 240.789); (1824.666, 240.880); (1831.022, 243.625); (1839.233, 257.177); (1837.542, 262.812); (1836.498, 264.968); (1827.921, 270.945); (1814.510, 279.350)"
351,"(3183.759, 2754.182); (3179.897, 2780.029); (3173.301, 2806.972); (3166.779, 2805.617); (3163.125, 2804.036); (3150.170, 2794.040); (3146.206, 2788.260); (3145.038, 2781.570); (3154.133, 2747.750); (3156.698, 2742.828); (3161.017, 2741.658); (3167.458, 2742.702); (3176.259, 2747.118)"
352,"(1033.653, 1087.538); (1033.400, 1000.424); (1050.343, 966.702); (1055.986, 957.677); (1072.946, 952.539); (1078.926, 954.649); (1197.950, 1019.955); (1204.316, 1038.428); (1204.633, 1070.446); (1203.964, 1081.367); (1202.924, 1095.532); (1198.630, 1111.360); (1195.831, 1116.197); (1162.695, 1142.560); (1065.602, 1120.394); (1063.719, 1119.235)"
353,"(2827.658, 980.069); (2825.369, 970.317); (2832.069, 957.736); (2872.425, 917.989); (2990.706, 900.630); (3001.884, 911.527); (3004.490, 921.763); (2996.132, 954.746); (2947.261, 999.710); (2942.569, 1002.783); (2923.543, 1013.900); (2919.331, 1014.784); (2890.604, 1008.054)"
354,"(2229.402, 3329.208); (2247.990, 3334.103); (2243.708, 3343.737); (2239.764, 3350.335); (2233.335, 3357.522); (2221.392, 3365.969); (2194.669, 3377.414); (2186.873, 3379.791); (2179.613, 3381.288); (2164.732, 3382.980); (2155.861, 3380.307); (2135.173, 3372.291); (2126.076, 3366.093); (2120.579, 3351.854); (2130.788, 3344.561); (2176.261, 3337.370)"
355,"(1393.299, 1940.159); (1400.481, 2026.988); (1399.812, 2029.238); (1374.955, 2029.843); (675.367, 2038.748); (657.183, 2035.952); (649.517, 2028.305); (648.774, 1999.821); (650.369, 1952.001); (659.009, 1939.238); (668.157, 1932.474); (1288.633, 1921.029); (1340.645, 1920.094); (1366.634, 1922.447); (1371.398, 1923.491)"
356,"(2154.158, 1796.545); (2209.272, 1795.188); (2220.323, 1796.458); (2231.144, 1804.004); (2232.229, 1810.405); (2234.181, 1840.081); (2233.763, 1846.485); (2226.428, 1846.882); (2133.237, 1842.865); (2128.700, 1836.710); (2126.484, 1831.259); (2124.398, 1826.087); (2121.530, 1817.916); (2120.866, 1812.502); (2124.330, 1808.723)"
357,"(1901.647, 3702.129); (1897.352, 3695.236); (1902.695, 3690.269); (1912.172, 3688.344); (1923.729, 3686.667); (1941.505, 3686.803); (1935.028, 3694.526); (1920.898, 3703.382); (1907.316, 3702.607)"
358,"(3384.534, 418.717); (3388.525, 421.070); (3384.740, 422.901)"
359,"(568.943, 3749.996); (573.803, 3724.890); (582.930, 3745.061); (583.590, 3747.799); (579.793, 3750.830); (572.147, 3751.161)"
360,"(3657.028, 3210.996); (3666.622, 3204.569); (3674.680, 3205.462); (3686.210, 3206.916); (3689.638, 3208.917); (3694.351, 3213.056); (3690.471, 3218.623); (3674.982, 3223.394); (3666.085, 3222.910); (3660.708, 3218.605)"
